seqnames,gc,gcmed
chr1,0.2,550.5
chr1,0.21,1327.5
chr1,0.22,2857
chr1,0.23,5505.5
chr1,0.24,8889
chr1,0.25,15131
chr1,0.26,22216
chr1,0.27,29979
chr1,0.28,39490
chr1,0.29,45088
chr1,0.3,55494
chr1,0.31,63685.5
chr1,0.32,71380
chr1,0.33,74220
chr1,0.34,89147.5
chr1,0.35,89541.5
chr1,0.36,94079.5
chr1,0.37,91481.5
chr1,0.38,98103
chr1,0.39,96069.5
chr1,0.4,95208.5
chr1,0.41,91559.5
chr1,0.42,89235
chr1,0.43,85242.5
chr1,0.44,82818
chr1,0.45,81687
chr1,0.46,80071.5
chr1,0.47,75615.5
chr1,0.48,74369
chr1,0.49,75236
chr1,0.5,65197.5
chr1,0.51,71018.5
chr1,0.52,63457
chr1,0.53,56322.5
chr1,0.54,49698
chr1,0.55,40375.5
chr1,0.56,32733.5
chr1,0.57,26864
chr1,0.58,22754.5
chr1,0.59,18474.5
chr1,0.6,15586
chr1,0.61,12835.5
chr1,0.62,10820.5
chr1,0.63,8317
chr1,0.64,7191
chr1,0.65,5645.5
chr1,0.66,4628
chr1,0.67,3235.5
chr1,0.68,2578
chr1,0.69,1968
chr1,0.7,1545
chr1,0.71,1130
chr1,0.72,968
chr1,0.73,715
chr1,0.74,547.5
chr1,0.75,458
chr1,0.76,378.5
chr1,0.77,350
chr1,0.78,340
chr1,0.79,295
chr1,0.8,209
chr2,0.2,759.5
chr2,0.21,1683
chr2,0.22,3698.5
chr2,0.23,7102
chr2,0.24,11825.5
chr2,0.25,20304.5
chr2,0.26,29446
chr2,0.27,39443.5
chr2,0.28,51538
chr2,0.29,58308
chr2,0.3,71131
chr2,0.31,80262.5
chr2,0.32,90162
chr2,0.33,91409.5
chr2,0.34,108921
chr2,0.35,108832.5
chr2,0.36,111550
chr2,0.37,107561.5
chr2,0.38,113572
chr2,0.39,108637.5
chr2,0.4,105652.5
chr2,0.41,99761.5
chr2,0.42,95741
chr2,0.43,89303
chr2,0.44,85345.5
chr2,0.45,81354.5
chr2,0.46,78355
chr2,0.47,72185.5
chr2,0.48,69049
chr2,0.49,68320
chr2,0.5,57731.5
chr2,0.51,61376.5
chr2,0.52,53615.5
chr2,0.53,46928.5
chr2,0.54,40555.5
chr2,0.55,32789
chr2,0.56,26283.5
chr2,0.57,21484.5
chr2,0.58,17975.5
chr2,0.59,14458.5
chr2,0.6,12202.5
chr2,0.61,9995.5
chr2,0.62,8320
chr2,0.63,6246
chr2,0.64,5297.5
chr2,0.65,4120
chr2,0.66,3248.5
chr2,0.67,2096
chr2,0.68,1735.5
chr2,0.69,1279.5
chr2,0.7,1055.5
chr2,0.71,761
chr2,0.72,671
chr2,0.73,511.5
chr2,0.74,441.5
chr2,0.75,356.5
chr2,0.76,320
chr2,0.77,245
chr2,0.78,225.5
chr2,0.79,172
chr2,0.8,143.5
chr3,0.2,667.5
chr3,0.21,1493.5
chr3,0.22,3263.5
chr3,0.23,6103
chr3,0.24,10199
chr3,0.25,17158
chr3,0.26,24940
chr3,0.27,33064.5
chr3,0.28,43366.5
chr3,0.29,49661.5
chr3,0.3,60733.5
chr3,0.31,68892
chr3,0.32,77938.5
chr3,0.33,79929
chr3,0.34,95344.5
chr3,0.35,95230
chr3,0.36,98711
chr3,0.37,94401
chr3,0.38,99597.5
chr3,0.39,94285
chr3,0.4,91285
chr3,0.41,85003.5
chr3,0.42,81842
chr3,0.43,75628.5
chr3,0.44,70946.5
chr3,0.45,67322
chr3,0.46,63260
chr3,0.47,57871.5
chr3,0.48,54843
chr3,0.49,53805.5
chr3,0.5,44636.5
chr3,0.51,47011.5
chr3,0.52,40774.5
chr3,0.53,35111
chr3,0.54,30323
chr3,0.55,24194
chr3,0.56,19154.5
chr3,0.57,15320.5
chr3,0.58,12515.5
chr3,0.59,9866
chr3,0.6,8055
chr3,0.61,6346
chr3,0.62,5096
chr3,0.63,3683.5
chr3,0.64,2948.5
chr3,0.65,2215.5
chr3,0.66,1677.5
chr3,0.67,1093
chr3,0.68,904
chr3,0.69,708.5
chr3,0.7,569.5
chr3,0.71,490
chr3,0.72,438.5
chr3,0.73,330
chr3,0.74,278
chr3,0.75,232.5
chr3,0.76,186
chr3,0.77,159
chr3,0.78,128.5
chr3,0.79,111
chr3,0.8,87.5
chr4,0.2,942
chr4,0.21,2094.5
chr4,0.22,4614
chr4,0.23,8431
chr4,0.24,13322
chr4,0.25,22653.5
chr4,0.26,31548
chr4,0.27,41065.5
chr4,0.28,52165
chr4,0.29,58566.5
chr4,0.3,69385
chr4,0.31,76787.5
chr4,0.32,84879.5
chr4,0.33,85544.5
chr4,0.34,98946.5
chr4,0.35,97012
chr4,0.36,98783.5
chr4,0.37,93052
chr4,0.38,95594
chr4,0.39,88749
chr4,0.4,84182.5
chr4,0.41,77123
chr4,0.42,71495.5
chr4,0.43,64850
chr4,0.44,59890.5
chr4,0.45,55178
chr4,0.46,50779.5
chr4,0.47,45378
chr4,0.48,41906
chr4,0.49,40243.5
chr4,0.5,33140.5
chr4,0.51,34348.5
chr4,0.52,29134.5
chr4,0.53,24804.5
chr4,0.54,20861
chr4,0.55,16381
chr4,0.56,12469.5
chr4,0.57,9782.5
chr4,0.58,7879.5
chr4,0.59,6083.5
chr4,0.6,5021
chr4,0.61,4032
chr4,0.62,3505
chr4,0.63,2756
chr4,0.64,2521
chr4,0.65,2155.5
chr4,0.66,1889.5
chr4,0.67,1347
chr4,0.68,1192
chr4,0.69,937
chr4,0.7,757.5
chr4,0.71,559.5
chr4,0.72,472.5
chr4,0.73,343
chr4,0.74,260
chr4,0.75,212
chr4,0.76,169.5
chr4,0.77,142.5
chr4,0.78,118.5
chr4,0.79,103
chr4,0.8,86
chr5,0.2,639.5
chr5,0.21,1441
chr5,0.22,3146.5
chr5,0.23,5843.5
chr5,0.24,9579
chr5,0.25,16497
chr5,0.26,23710.5
chr5,0.27,31044
chr5,0.28,40081
chr5,0.29,45916.5
chr5,0.3,55752
chr5,0.31,62941.5
chr5,0.32,70368.5
chr5,0.33,71847
chr5,0.34,85506
chr5,0.35,85522.5
chr5,0.36,88571.5
chr5,0.37,84233
chr5,0.38,88858.5
chr5,0.39,84136.5
chr5,0.4,81034.5
chr5,0.41,75919
chr5,0.42,71844
chr5,0.43,66273
chr5,0.44,62253.5
chr5,0.45,59198
chr5,0.46,56068
chr5,0.47,50990.5
chr5,0.48,48452.5
chr5,0.49,47355
chr5,0.5,39360.5
chr5,0.51,41312.5
chr5,0.52,35752.5
chr5,0.53,30732.5
chr5,0.54,26334.5
chr5,0.55,20770
chr5,0.56,16383
chr5,0.57,12976
chr5,0.58,10627
chr5,0.59,8331.5
chr5,0.6,6758.5
chr5,0.61,5366.5
chr5,0.62,4357
chr5,0.63,3283.5
chr5,0.64,2731.5
chr5,0.65,2180.5
chr5,0.66,1783.5
chr5,0.67,1259.5
chr5,0.68,1063
chr5,0.69,819.5
chr5,0.7,649
chr5,0.71,538.5
chr5,0.72,450
chr5,0.73,357
chr5,0.74,281.5
chr5,0.75,245.5
chr5,0.76,192
chr5,0.77,157.5
chr5,0.78,141
chr5,0.79,116.5
chr5,0.8,91.5
chr6,0.2,588
chr6,0.21,1344
chr6,0.22,3043.5
chr6,0.23,5610.5
chr6,0.24,9204.5
chr6,0.25,15586
chr6,0.26,22768.5
chr6,0.27,29906
chr6,0.28,38793.5
chr6,0.29,44246
chr6,0.3,53701.5
chr6,0.31,60344
chr6,0.32,67653
chr6,0.33,68527.5
chr6,0.34,81387
chr6,0.35,80689.5
chr6,0.36,82957
chr6,0.37,78896
chr6,0.38,83639
chr6,0.39,80275
chr6,0.4,78388.5
chr6,0.41,73358
chr6,0.42,70007
chr6,0.43,64920.5
chr6,0.44,59861.5
chr6,0.45,56834.5
chr6,0.46,53967.5
chr6,0.47,49018
chr6,0.48,46473.5
chr6,0.49,45899
chr6,0.5,38209
chr6,0.51,40310
chr6,0.52,35055
chr6,0.53,30344.5
chr6,0.54,26041.5
chr6,0.55,20360.5
chr6,0.56,15926
chr6,0.57,12465.5
chr6,0.58,9977.5
chr6,0.59,7795.5
chr6,0.6,6275.5
chr6,0.61,4889.5
chr6,0.62,3872
chr6,0.63,2848.5
chr6,0.64,2330.5
chr6,0.65,1723
chr6,0.66,1368
chr6,0.67,982.5
chr6,0.68,795.5
chr6,0.69,674
chr6,0.7,558.5
chr6,0.71,457.5
chr6,0.72,414
chr6,0.73,334
chr6,0.74,295.5
chr6,0.75,238
chr6,0.76,176.5
chr6,0.77,163
chr6,0.78,126
chr6,0.79,103.5
chr6,0.8,87
chr7,0.2,485.5
chr7,0.21,1086.5
chr7,0.22,2385.5
chr7,0.23,4628
chr7,0.24,7578
chr7,0.25,12954
chr7,0.26,18646.5
chr7,0.27,24742
chr7,0.28,32257
chr7,0.29,36356
chr7,0.3,44059
chr7,0.31,49514
chr7,0.32,55593.5
chr7,0.33,56652
chr7,0.34,67732
chr7,0.35,67584
chr7,0.36,69682.5
chr7,0.37,66876
chr7,0.38,70003
chr7,0.39,66975.5
chr7,0.4,64444.5
chr7,0.41,60846
chr7,0.42,58032.5
chr7,0.43,54779.5
chr7,0.44,51674.5
chr7,0.45,50062.5
chr7,0.46,48524.5
chr7,0.47,45168.5
chr7,0.48,43971
chr7,0.49,44322
chr7,0.5,37651
chr7,0.51,40534.5
chr7,0.52,35937
chr7,0.53,31574.5
chr7,0.54,27550
chr7,0.55,21764
chr7,0.56,17358
chr7,0.57,13971
chr7,0.58,11767
chr7,0.59,9491
chr7,0.6,8077.5
chr7,0.61,6709
chr7,0.62,5811.5
chr7,0.63,4571
chr7,0.64,4135
chr7,0.65,3410.5
chr7,0.66,2951
chr7,0.67,2097.5
chr7,0.68,1766.5
chr7,0.69,1358.5
chr7,0.7,1056
chr7,0.71,768
chr7,0.72,598
chr7,0.73,463
chr7,0.74,360
chr7,0.75,301.5
chr7,0.76,234.5
chr7,0.77,201.5
chr7,0.78,166
chr7,0.79,128
chr7,0.8,110.5
chr8,0.2,478.5
chr8,0.21,1037
chr8,0.22,2301
chr8,0.23,4333
chr8,0.24,7153.5
chr8,0.25,12079.5
chr8,0.26,17512.5
chr8,0.27,23281
chr8,0.28,30520
chr8,0.29,34737
chr8,0.3,42196.5
chr8,0.31,47960
chr8,0.32,53986
chr8,0.33,55690.5
chr8,0.34,66472.5
chr8,0.35,66762.5
chr8,0.36,69265.5
chr8,0.37,67223.5
chr8,0.38,70978
chr8,0.39,67664
chr8,0.4,65334
chr8,0.41,61648
chr8,0.42,59616.5
chr8,0.43,55660.5
chr8,0.44,52988
chr8,0.45,50234.5
chr8,0.46,48437.5
chr8,0.47,44201
chr8,0.48,41966
chr8,0.49,41355
chr8,0.5,33980
chr8,0.51,35819
chr8,0.52,30692
chr8,0.53,26294.5
chr8,0.54,22579
chr8,0.55,17877
chr8,0.56,14301
chr8,0.57,11502.5
chr8,0.58,9489.5
chr8,0.59,7778
chr8,0.6,6618
chr8,0.61,5442
chr8,0.62,4623
chr8,0.63,3693
chr8,0.64,3262.5
chr8,0.65,2651.5
chr8,0.66,2312
chr8,0.67,1572
chr8,0.68,1305.5
chr8,0.69,951
chr8,0.7,736.5
chr8,0.71,540.5
chr8,0.72,462
chr8,0.73,352.5
chr8,0.74,284.5
chr8,0.75,226
chr8,0.76,181
chr8,0.77,146.5
chr8,0.78,127
chr8,0.79,105
chr8,0.8,78
chr9,0.2,258
chr9,0.21,606.5
chr9,0.22,1411.5
chr9,0.23,2627
chr9,0.24,4357.5
chr9,0.25,7624.5
chr9,0.26,11188
chr9,0.27,14954
chr9,0.28,20215.5
chr9,0.29,23277
chr9,0.3,28995.5
chr9,0.31,32949
chr9,0.32,37422.5
chr9,0.33,38976.5
chr9,0.34,47007.5
chr9,0.35,47321
chr9,0.36,49621
chr9,0.37,48201
chr9,0.38,51499
chr9,0.39,49643
chr9,0.4,48599.5
chr9,0.41,46547.5
chr9,0.42,44573.5
chr9,0.43,42449.5
chr9,0.44,40876
chr9,0.45,39153.5
chr9,0.46,38186
chr9,0.47,35059.5
chr9,0.48,33917.5
chr9,0.49,34048
chr9,0.5,28896
chr9,0.51,31271.5
chr9,0.52,27699.5
chr9,0.53,24568.5
chr9,0.54,21745.5
chr9,0.55,17819.5
chr9,0.56,14468
chr9,0.57,12048.5
chr9,0.58,10354
chr9,0.59,8891.5
chr9,0.6,7798.5
chr9,0.61,6717.5
chr9,0.62,5925.5
chr9,0.63,4786.5
chr9,0.64,4370.5
chr9,0.65,3618
chr9,0.66,3060.5
chr9,0.67,2197.5
chr9,0.68,1734.5
chr9,0.69,1330
chr9,0.7,959
chr9,0.71,685
chr9,0.72,522.5
chr9,0.73,368
chr9,0.74,287
chr9,0.75,241.5
chr9,0.76,196
chr9,0.77,164.5
chr9,0.78,137
chr9,0.79,107
chr9,0.8,94.5
chr10,0.2,307
chr10,0.21,731
chr10,0.22,1541
chr10,0.23,2986.5
chr10,0.24,5028.5
chr10,0.25,8793.5
chr10,0.26,12746
chr10,0.27,17287
chr10,0.28,22976
chr10,0.29,26616.5
chr10,0.3,33005.5
chr10,0.31,37529.5
chr10,0.32,42526
chr10,0.33,44047
chr10,0.34,52731
chr10,0.35,53303
chr10,0.36,55820
chr10,0.37,54258
chr10,0.38,58496.5
chr10,0.39,56681.5
chr10,0.4,56369
chr10,0.41,54056.5
chr10,0.42,52565
chr10,0.43,50512
chr10,0.44,49115
chr10,0.45,48332.5
chr10,0.46,47571
chr10,0.47,44704.5
chr10,0.48,44048.5
chr10,0.49,44793
chr10,0.5,38274
chr10,0.51,41180.5
chr10,0.52,36717
chr10,0.53,32272.5
chr10,0.54,28413
chr10,0.55,23221.5
chr10,0.56,18783.5
chr10,0.57,15422.5
chr10,0.58,13057
chr10,0.59,10707.5
chr10,0.6,8955
chr10,0.61,7267.5
chr10,0.62,5984.5
chr10,0.63,4483
chr10,0.64,3793
chr10,0.65,2936
chr10,0.66,2294.5
chr10,0.67,1553
chr10,0.68,1269
chr10,0.69,966
chr10,0.7,731
chr10,0.71,537
chr10,0.72,457
chr10,0.73,375
chr10,0.74,292.5
chr10,0.75,244.5
chr10,0.76,208
chr10,0.77,176.5
chr10,0.78,144
chr10,0.79,120
chr10,0.8,96
chr11,0.2,316.5
chr11,0.21,719.5
chr11,0.22,1644
chr11,0.23,3089
chr11,0.24,5100.5
chr11,0.25,8747.5
chr11,0.26,12733
chr11,0.27,17183
chr11,0.28,22787.5
chr11,0.29,26469
chr11,0.3,32948.5
chr11,0.31,38020.5
chr11,0.32,43437
chr11,0.33,45183
chr11,0.34,55110.5
chr11,0.35,56052
chr11,0.36,59603.5
chr11,0.37,57620.5
chr11,0.38,61266
chr11,0.39,58621
chr11,0.4,57467
chr11,0.41,54397.5
chr11,0.42,52528
chr11,0.43,49837
chr11,0.44,47923
chr11,0.45,46465.5
chr11,0.46,44990.5
chr11,0.47,41948
chr11,0.48,41261
chr11,0.49,41481
chr11,0.5,35461.5
chr11,0.51,38274
chr11,0.52,33980
chr11,0.53,30117.5
chr11,0.54,26906.5
chr11,0.55,22624.5
chr11,0.56,18725
chr11,0.57,15846.5
chr11,0.58,13346.5
chr11,0.59,11298.5
chr11,0.6,9763
chr11,0.61,8217
chr11,0.62,7160.5
chr11,0.63,5725
chr11,0.64,4972
chr11,0.65,4100.5
chr11,0.66,3434
chr11,0.67,2390
chr11,0.68,1923.5
chr11,0.69,1453
chr11,0.7,1048
chr11,0.71,772
chr11,0.72,601
chr11,0.73,442.5
chr11,0.74,362.5
chr11,0.75,282
chr11,0.76,229.5
chr11,0.77,195.5
chr11,0.78,167
chr11,0.79,121.5
chr11,0.8,105.5
chr12,0.2,369
chr12,0.21,857
chr12,0.22,1856
chr12,0.23,3490.5
chr12,0.24,5804.5
chr12,0.25,10025
chr12,0.26,14502.5
chr12,0.27,19546.5
chr12,0.28,25625.5
chr12,0.29,29289.5
chr12,0.3,35909
chr12,0.31,41220
chr12,0.32,46704
chr12,0.33,47772
chr12,0.34,57849.5
chr12,0.35,57757
chr12,0.36,60239
chr12,0.37,58161.5
chr12,0.38,61348.5
chr12,0.39,59012
chr12,0.4,57414
chr12,0.41,54528
chr12,0.42,52911.5
chr12,0.43,50132.5
chr12,0.44,47742
chr12,0.45,46501
chr12,0.46,45130.5
chr12,0.47,42047.5
chr12,0.48,40868
chr12,0.49,40989
chr12,0.5,34876
chr12,0.51,37355
chr12,0.52,32989.5
chr12,0.53,28798.5
chr12,0.54,24913.5
chr12,0.55,19770
chr12,0.56,15468
chr12,0.57,12177.5
chr12,0.58,9926.5
chr12,0.59,7879.5
chr12,0.6,6441
chr12,0.61,5284.5
chr12,0.62,4413
chr12,0.63,3332.5
chr12,0.64,2799
chr12,0.65,2238.5
chr12,0.66,1811
chr12,0.67,1233.5
chr12,0.68,1049
chr12,0.69,834.5
chr12,0.7,644
chr12,0.71,494.5
chr12,0.72,415
chr12,0.73,331.5
chr12,0.74,260.5
chr12,0.75,206
chr12,0.76,173.5
chr12,0.77,135
chr12,0.78,103.5
chr12,0.79,89
chr12,0.8,76.5
chr13,0.2,480.5
chr13,0.21,1095
chr13,0.22,2358
chr13,0.23,4351.5
chr13,0.24,6976.5
chr13,0.25,11621.5
chr13,0.26,16368.5
chr13,0.27,20743.5
chr13,0.28,26449
chr13,0.29,29254
chr13,0.3,34955
chr13,0.31,38344.5
chr13,0.32,41893
chr13,0.33,41545
chr13,0.34,48827
chr13,0.35,47335
chr13,0.36,47987
chr13,0.37,44696
chr13,0.38,46190.5
chr13,0.39,43128
chr13,0.4,41445
chr13,0.41,38485.5
chr13,0.42,36265
chr13,0.43,33201
chr13,0.44,31156.5
chr13,0.45,29274
chr13,0.46,27722.5
chr13,0.47,24940.5
chr13,0.48,23520
chr13,0.49,23042
chr13,0.5,19054.5
chr13,0.51,19638
chr13,0.52,16817.5
chr13,0.53,14414.5
chr13,0.54,12265.5
chr13,0.55,9507
chr13,0.56,7402
chr13,0.57,5760
chr13,0.58,4515
chr13,0.59,3617.5
chr13,0.6,2882.5
chr13,0.61,2249
chr13,0.62,1833
chr13,0.63,1398
chr13,0.64,1191.5
chr13,0.65,960
chr13,0.66,803
chr13,0.67,552.5
chr13,0.68,482.5
chr13,0.69,395
chr13,0.7,335.5
chr13,0.71,265
chr13,0.72,227
chr13,0.73,163.5
chr13,0.74,142
chr13,0.75,118
chr13,0.76,96
chr13,0.77,76.5
chr13,0.78,64.5
chr13,0.79,54
chr13,0.8,46.5
chr14,0.2,257
chr14,0.21,592.5
chr14,0.22,1348
chr14,0.23,2398.5
chr14,0.24,3995
chr14,0.25,6890.5
chr14,0.26,10093
chr14,0.27,13534.5
chr14,0.28,17679
chr14,0.29,20292
chr14,0.3,24926.5
chr14,0.31,28223
chr14,0.32,31853.5
chr14,0.33,32533.5
chr14,0.34,38934
chr14,0.35,38864
chr14,0.36,40104.5
chr14,0.37,39027
chr14,0.38,41158.5
chr14,0.39,39519
chr14,0.4,38281.5
chr14,0.41,36347
chr14,0.42,35341.5
chr14,0.43,33033.5
chr14,0.44,31970.5
chr14,0.45,30865
chr14,0.46,29721
chr14,0.47,27472.5
chr14,0.48,26721.5
chr14,0.49,26526
chr14,0.5,22552
chr14,0.51,24455.5
chr14,0.52,21733
chr14,0.53,18924.5
chr14,0.54,16599
chr14,0.55,13438.5
chr14,0.56,10640
chr14,0.57,8612.5
chr14,0.58,7181.5
chr14,0.59,5855
chr14,0.6,5020
chr14,0.61,4327.5
chr14,0.62,3678
chr14,0.63,2916
chr14,0.64,2653
chr14,0.65,2135
chr14,0.66,1877
chr14,0.67,1366.5
chr14,0.68,1168.5
chr14,0.69,846.5
chr14,0.7,605.5
chr14,0.71,426.5
chr14,0.72,336
chr14,0.73,255.5
chr14,0.74,199
chr14,0.75,175.5
chr14,0.76,140
chr14,0.77,118
chr14,0.78,98
chr14,0.79,89
chr14,0.8,70.5
chr15,0.2,149
chr15,0.21,360.5
chr15,0.22,777.5
chr15,0.23,1533.5
chr15,0.24,2612
chr15,0.25,4518.5
chr15,0.26,6803.5
chr15,0.27,9203
chr15,0.28,12607
chr15,0.29,14876
chr15,0.3,18422
chr15,0.31,21367.5
chr15,0.32,24360.5
chr15,0.33,25138
chr15,0.34,30682
chr15,0.35,31071.5
chr15,0.36,33021.5
chr15,0.37,32240.5
chr15,0.38,34976.5
chr15,0.39,34468.5
chr15,0.4,34431.5
chr15,0.41,33357
chr15,0.42,32929.5
chr15,0.43,31536.5
chr15,0.44,30876.5
chr15,0.45,30423.5
chr15,0.46,29851
chr15,0.47,28277.5
chr15,0.48,27854.5
chr15,0.49,28518
chr15,0.5,24754.5
chr15,0.51,26603
chr15,0.52,23708.5
chr15,0.53,21097.5
chr15,0.54,18762
chr15,0.55,15213.5
chr15,0.56,12349.5
chr15,0.57,10000.5
chr15,0.58,8547.5
chr15,0.59,6941.5
chr15,0.6,5789
chr15,0.61,4644
chr15,0.62,3813.5
chr15,0.63,2714.5
chr15,0.64,2212
chr15,0.65,1622.5
chr15,0.66,1231.5
chr15,0.67,822.5
chr15,0.68,629
chr15,0.69,492
chr15,0.7,369
chr15,0.71,286.5
chr15,0.72,252.5
chr15,0.73,220
chr15,0.74,181.5
chr15,0.75,157
chr15,0.76,145.5
chr15,0.77,119.5
chr15,0.78,106
chr15,0.79,85.5
chr15,0.8,74
chr16,0.2,95
chr16,0.21,187.5
chr16,0.22,476
chr16,0.23,880.5
chr16,0.24,1528.5
chr16,0.25,2690
chr16,0.26,4008.5
chr16,0.27,5667.5
chr16,0.28,7763.5
chr16,0.29,9309.5
chr16,0.3,11751
chr16,0.31,13831
chr16,0.32,16367
chr16,0.33,18115.5
chr16,0.34,22691.5
chr16,0.35,23773.5
chr16,0.36,26037
chr16,0.37,25850
chr16,0.38,28495
chr16,0.39,28562
chr16,0.4,29265.5
chr16,0.41,29314.5
chr16,0.42,29928.5
chr16,0.43,29972
chr16,0.44,30495.5
chr16,0.45,31012.5
chr16,0.46,31423.5
chr16,0.47,30950.5
chr16,0.48,31343
chr16,0.49,32551.5
chr16,0.5,28470.5
chr16,0.51,31050.5
chr16,0.52,28145
chr16,0.53,24685
chr16,0.54,22102
chr16,0.55,17850.5
chr16,0.56,14468.5
chr16,0.57,11881.5
chr16,0.58,10152.5
chr16,0.59,8627.5
chr16,0.6,7609.5
chr16,0.61,6621
chr16,0.62,5860
chr16,0.63,4857
chr16,0.64,4434
chr16,0.65,3902.5
chr16,0.66,3495.5
chr16,0.67,2528.5
chr16,0.68,2160
chr16,0.69,1650.5
chr16,0.7,1251.5
chr16,0.71,854
chr16,0.72,656.5
chr16,0.73,435.5
chr16,0.74,334
chr16,0.75,245
chr16,0.76,203.5
chr16,0.77,168.5
chr16,0.78,133.5
chr16,0.79,96.5
chr16,0.8,89
chr17,0.2,92
chr17,0.21,222
chr17,0.22,462
chr17,0.23,918.5
chr17,0.24,1559
chr17,0.25,2760.5
chr17,0.26,4194
chr17,0.27,5713.5
chr17,0.28,7828.5
chr17,0.29,9244
chr17,0.3,11702
chr17,0.31,13657.5
chr17,0.32,16086.5
chr17,0.33,16815.5
chr17,0.34,20647
chr17,0.35,21183
chr17,0.36,22756.5
chr17,0.37,22525
chr17,0.38,24670
chr17,0.39,24964
chr17,0.4,25478.5
chr17,0.41,25720.5
chr17,0.42,26115.5
chr17,0.43,26256.5
chr17,0.44,26476.5
chr17,0.45,27529
chr17,0.46,28324.5
chr17,0.47,28404
chr17,0.48,29528.5
chr17,0.49,31282.5
chr17,0.5,28669
chr17,0.51,32758
chr17,0.52,30781
chr17,0.53,28574
chr17,0.54,26217
chr17,0.55,22017.5
chr17,0.56,18326
chr17,0.57,15509.5
chr17,0.58,13655.5
chr17,0.59,11805.5
chr17,0.6,10346.5
chr17,0.61,8879.5
chr17,0.62,7805
chr17,0.63,6232
chr17,0.64,5523
chr17,0.65,4408.5
chr17,0.66,3616
chr17,0.67,2471
chr17,0.68,1985.5
chr17,0.69,1438
chr17,0.7,1057.5
chr17,0.71,756
chr17,0.72,606.5
chr17,0.73,467.5
chr17,0.74,360.5
chr17,0.75,308
chr17,0.76,248
chr17,0.77,224
chr17,0.78,191.5
chr17,0.79,153.5
chr17,0.8,124.5
chr18,0.2,254.5
chr18,0.21,604
chr18,0.22,1383.5
chr18,0.23,2469.5
chr18,0.24,4040
chr18,0.25,6771.5
chr18,0.26,9734.5
chr18,0.27,13016
chr18,0.28,17058.5
chr18,0.29,19487.5
chr18,0.3,23396
chr18,0.31,26650
chr18,0.32,29667
chr18,0.33,30167.5
chr18,0.34,35649
chr18,0.35,35137
chr18,0.36,36628
chr18,0.37,34679.5
chr18,0.38,36916
chr18,0.39,34976
chr18,0.4,34079
chr18,0.41,32112.5
chr18,0.42,30980.5
chr18,0.43,28800.5
chr18,0.44,27252
chr18,0.45,26122.5
chr18,0.46,25120.5
chr18,0.47,23272
chr18,0.48,22214
chr18,0.49,21781.5
chr18,0.5,18204
chr18,0.51,19035.5
chr18,0.52,16187
chr18,0.53,14075.5
chr18,0.54,12011.5
chr18,0.55,9524.5
chr18,0.56,7521
chr18,0.57,5958.5
chr18,0.58,4809.5
chr18,0.59,3775
chr18,0.6,3011.5
chr18,0.61,2390
chr18,0.62,1885
chr18,0.63,1406
chr18,0.64,1162.5
chr18,0.65,897.5
chr18,0.66,714.5
chr18,0.67,496.5
chr18,0.68,431.5
chr18,0.69,339
chr18,0.7,274.5
chr18,0.71,222.5
chr18,0.72,203
chr18,0.73,155
chr18,0.74,129.5
chr18,0.75,118.5
chr18,0.76,96
chr18,0.77,79
chr18,0.78,64
chr18,0.79,54.5
chr18,0.8,41.5
chr19,0.2,50.5
chr19,0.21,111
chr19,0.22,246
chr19,0.23,440
chr19,0.24,738
chr19,0.25,1189.5
chr19,0.26,1747
chr19,0.27,2396
chr19,0.28,3249
chr19,0.29,3762
chr19,0.3,4777
chr19,0.31,5599
chr19,0.32,6512.5
chr19,0.33,7149.5
chr19,0.34,9277.5
chr19,0.35,10074.5
chr19,0.36,11202
chr19,0.37,11391.5
chr19,0.38,12356
chr19,0.39,12575.5
chr19,0.4,13186
chr19,0.41,13707.5
chr19,0.42,14487
chr19,0.43,15076
chr19,0.44,16095.5
chr19,0.45,17382.5
chr19,0.46,18853.5
chr19,0.47,19660
chr19,0.48,21193
chr19,0.49,23744
chr19,0.5,22311
chr19,0.51,26313
chr19,0.52,25300
chr19,0.53,23668.5
chr19,0.54,22024
chr19,0.55,18388.5
chr19,0.56,15326.5
chr19,0.57,12940.5
chr19,0.58,11358
chr19,0.59,9656
chr19,0.6,8848
chr19,0.61,7797
chr19,0.62,7114.5
chr19,0.63,5960
chr19,0.64,5464.5
chr19,0.65,4626
chr19,0.66,4101.5
chr19,0.67,3038.5
chr19,0.68,2543
chr19,0.69,1992.5
chr19,0.7,1537.5
chr19,0.71,1109.5
chr19,0.72,911.5
chr19,0.73,650
chr19,0.74,514.5
chr19,0.75,401
chr19,0.76,294
chr19,0.77,245
chr19,0.78,193
chr19,0.79,152
chr19,0.8,119.5
chr20,0.2,80
chr20,0.21,181.5
chr20,0.22,433
chr20,0.23,811
chr20,0.24,1364.5
chr20,0.25,2353
chr20,0.26,3570
chr20,0.27,4839
chr20,0.28,6747.5
chr20,0.29,8219.5
chr20,0.3,10367
chr20,0.31,12115.5
chr20,0.32,14088
chr20,0.33,15088.5
chr20,0.34,18653.5
chr20,0.35,19588.5
chr20,0.36,21067
chr20,0.37,20979
chr20,0.38,23373.5
chr20,0.39,23668
chr20,0.4,24369.5
chr20,0.41,24413
chr20,0.42,24679
chr20,0.43,24671.5
chr20,0.44,24846.5
chr20,0.45,25116.5
chr20,0.46,25763
chr20,0.47,25055
chr20,0.48,25140
chr20,0.49,26239
chr20,0.5,22632
chr20,0.51,24903
chr20,0.52,22202
chr20,0.53,20061
chr20,0.54,17851
chr20,0.55,14921
chr20,0.56,12218
chr20,0.57,10232
chr20,0.58,8661
chr20,0.59,7109.5
chr20,0.6,6212
chr20,0.61,5132.5
chr20,0.62,4360
chr20,0.63,3445.5
chr20,0.64,2961.5
chr20,0.65,2379.5
chr20,0.66,2022.5
chr20,0.67,1409.5
chr20,0.68,1118.5
chr20,0.69,812
chr20,0.7,592
chr20,0.71,428.5
chr20,0.72,329
chr20,0.73,238.5
chr20,0.74,190
chr20,0.75,154
chr20,0.76,127
chr20,0.77,114
chr20,0.78,99
chr20,0.79,91.5
chr20,0.8,70.5
chr21,0.2,139
chr21,0.21,328
chr21,0.22,662
chr21,0.23,1266
chr21,0.24,2017
chr21,0.25,3330.5
chr21,0.26,4636.5
chr21,0.27,5960
chr21,0.28,7739.5
chr21,0.29,8562
chr21,0.3,10228.5
chr21,0.31,11558.5
chr21,0.32,12727
chr21,0.33,12875.5
chr21,0.34,15058.5
chr21,0.35,15072
chr21,0.36,15612
chr21,0.37,15020
chr21,0.38,15638.5
chr21,0.39,14781.5
chr21,0.4,14230.5
chr21,0.41,13311.5
chr21,0.42,13067.5
chr21,0.43,12344.5
chr21,0.44,11891
chr21,0.45,11506.5
chr21,0.46,11362
chr21,0.47,10451.5
chr21,0.48,10125.5
chr21,0.49,10037
chr21,0.5,8719.5
chr21,0.51,9334
chr21,0.52,8300.5
chr21,0.53,7299
chr21,0.54,6478
chr21,0.55,5373.5
chr21,0.56,4444.5
chr21,0.57,3759
chr21,0.58,3233.5
chr21,0.59,2769
chr21,0.6,2476.5
chr21,0.61,2146
chr21,0.62,2038
chr21,0.63,1693.5
chr21,0.64,1583.5
chr21,0.65,1338.5
chr21,0.66,1183.5
chr21,0.67,860
chr21,0.68,752.5
chr21,0.69,545.5
chr21,0.7,391.5
chr21,0.71,273
chr21,0.72,204
chr21,0.73,124.5
chr21,0.74,96.5
chr21,0.75,80
chr21,0.76,72.5
chr21,0.77,63.5
chr21,0.78,94.5
chr21,0.79,150
chr21,0.8,119.5
chr22,0.2,22
chr22,0.21,53.5
chr22,0.22,130.5
chr22,0.23,222.5
chr22,0.24,421
chr22,0.25,725
chr22,0.26,1083.5
chr22,0.27,1553
chr22,0.28,2179
chr22,0.29,2604.5
chr22,0.3,3364
chr22,0.31,4030
chr22,0.32,4689.5
chr22,0.33,5024
chr22,0.34,6283.5
chr22,0.35,6576
chr22,0.36,7250
chr22,0.37,7316
chr22,0.38,8634
chr22,0.39,8845.5
chr22,0.4,9359.5
chr22,0.41,9869
chr22,0.42,10353
chr22,0.43,10813
chr22,0.44,11425.5
chr22,0.45,12043
chr22,0.46,12719.5
chr22,0.47,12873
chr22,0.48,13558
chr22,0.49,15049
chr22,0.5,13729
chr22,0.51,15906
chr22,0.52,15227.5
chr22,0.53,14315
chr22,0.54,13628
chr22,0.55,11925.5
chr22,0.56,10411.5
chr22,0.57,9213.5
chr22,0.58,8514
chr22,0.59,7669
chr22,0.6,7096.5
chr22,0.61,6531
chr22,0.62,5926.5
chr22,0.63,4945
chr22,0.64,4386.5
chr22,0.65,3566
chr22,0.66,2839
chr22,0.67,1810.5
chr22,0.68,1386
chr22,0.69,940.5
chr22,0.7,634
chr22,0.71,429
chr22,0.72,297
chr22,0.73,209
chr22,0.74,174.5
chr22,0.75,147
chr22,0.76,113.5
chr22,0.77,94
chr22,0.78,81
chr22,0.79,72.5
chr22,0.8,62
chrX,0.2,316.5
chrX,0.21,733.5
chrX,0.22,1635
chrX,0.23,3158
chrX,0.24,5514
chrX,0.25,8848.5
chrX,0.26,12807
chrX,0.27,17773
chrX,0.28,25016.5
chrX,0.29,30076
chrX,0.3,38594
chrX,0.31,45301.5
chrX,0.32,52619
chrX,0.33,55398
chrX,0.34,67785.5
chrX,0.35,68895.5
chrX,0.36,72463
chrX,0.37,70386.5
chrX,0.38,74343.5
chrX,0.39,70411.5
chrX,0.4,67293
chrX,0.41,62189.5
chrX,0.42,57852
chrX,0.43,51916
chrX,0.44,47631.5
chrX,0.45,43896
chrX,0.46,40736.5
chrX,0.47,35971
chrX,0.48,33482
chrX,0.49,31838
chrX,0.5,25953
chrX,0.51,26656.5
chrX,0.52,23204
chrX,0.53,20048
chrX,0.54,17251
chrX,0.55,13738.5
chrX,0.56,10209.5
chrX,0.57,7778
chrX,0.58,5845.5
chrX,0.59,4352.5
chrX,0.6,3366.5
chrX,0.61,2617.5
chrX,0.62,1964.5
chrX,0.63,1459.5
chrX,0.64,1195.5
chrX,0.65,983
chrX,0.66,815.5
chrX,0.67,574
chrX,0.68,514
chrX,0.69,394
chrX,0.7,341.5
chrX,0.71,283
chrX,0.72,244
chrX,0.73,176.5
chrX,0.74,144.5
chrX,0.75,119.5
chrX,0.76,95
chrX,0.77,78
chrX,0.78,62.5
chrX,0.79,52
chrX,0.8,47
chrY,0.2,20
chrY,0.21,3.5
chrY,0.22,4
chrY,0.23,5
chrY,0.24,5.5
chrY,0.25,7.5
chrY,0.26,14
chrY,0.27,22
chrY,0.28,33
chrY,0.29,26
chrY,0.3,28.5
chrY,0.31,29
chrY,0.32,32.5
chrY,0.33,32
chrY,0.34,34
chrY,0.35,37
chrY,0.36,43
chrY,0.37,41
chrY,0.38,42
chrY,0.39,49
chrY,0.4,51
chrY,0.41,50.5
chrY,0.42,52
chrY,0.43,60.5
chrY,0.44,65
chrY,0.45,83
chrY,0.46,114.5
chrY,0.47,111
chrY,0.48,116.5
chrY,0.49,95
chrY,0.5,64.5
chrY,0.51,57
chrY,0.52,41.5
chrY,0.53,28
chrY,0.54,21.5
chrY,0.55,17
chrY,0.56,13
chrY,0.57,9
chrY,0.58,78.5
chrY,0.59,5
chrY,0.6,3
chrY,0.61,6.5
chrY,0.62,5.5
chrY,0.63,3
chrY,0.64,6
chrY,0.65,3
chrY,0.66,30.5
chrY,0.67,25
chrY,0.68,33
chrY,0.69,22
chrY,0.7,22.5
chrY,0.71,17
chrY,0.72,17
chrY,0.73,8
chrY,0.74,7
chrY,0.75,3
chrY,0.76,3
chrY,0.77,1
chrY,0.78,2
chrY,0.79,1.5
chrY,0.8,1
